"Roma","Scr. Romae Id. Ian. a. u. c. 698 (a. Chr. 56)."
"Roma","Scr. Romae a. d. xvi  Kal. Febr. a. 698 (56)."
"Roma","Scr. Romae medio mense Ian. a. 698 (56)."
"Roma","Scr. Romae circiter xv Kal. Febr. a. 698 (56)."
"Roma","Scr. Romae circiter Non. Febr. a. 698 (56)."
"Roma","Scr. Romae paulo post vi Id. Febr. a. 698 (56)."
"Roma","Scr. Romae mense ut videtur, Mart. a. 698 (56)."
"Roma","Scr. Romae exeunte mense Quint. a. 698 (56)."
"Roma","Scr. Romae mense Ian. a. 699 (55)."
"Roma","Scr. Romae mense Dec. a. 700 (54)."
"Roma","Scr. Romae ex a. 700 (54)."
"Roma","Scr. Romae a. 701 (53)."
"Roma","Scr. Romae a. 701 (53)."
"Roma","Scr. Romae a. 701 (53)."
"Roma","Scr. Romae a. 701 (53)."
"Roma","Scr. Romae a. 701 (53)."
"Roma","Scr. Romae a. 701 (53)."
"Pindenessus","Scr. in castris ad Pindenessum a d. xiv K. Ianuar. a. 703 (51)."
"Athens","Scr. Athenis prid. Non. Quint. 0.703 (51)."
"Pindenissus","Scr. in castris ad Pindenissum vel ex m. Oct.  vel in. Nov. a. 703 (51)."
"Pindenissus","Scr. in castris ad Pindenissum a. d. xvii K. Decembr. a. 703 (51)."
"Laudicea","Scr. Laudiceae prid. Non. Apr. a. 704 (50)."
"Cilicia","Scr. in castris in Cilicia paulo ante vi K. Quint. a. 704 (50)."
"Laudicea","Scr. Laudiceae inter K. et Non. Maias a. 704 (50)."
"Laudicea","Scr. Laudiceae m. Febr. a. 704 (50)."
"Sidae","Scr. Sidae iii aut prid. Non. Sext. a. 704 (50)."
"Cumanum","Scr. in Cumano iv Non. Mai. a. 705 (49)."
"Tarsium","Scr. Tarsi a. d. xvi K. Sext., vel paulo post a. 704 (50)."
"Laudicea","Scr. Laudiceae in. m. Maio a. 704 (50)."
"Cilicia","Scr. in castris in Cilicia a. d. x K. Quint. a. 704 (50)."
"Roma","Scr. Romae vel ex. a. 701 (53) vel in. 702 (52)."
"Roma","Scr. Romae circ. m. Mart. a. 703 (51)."
"Brundisium","Scr. Brundisii ex. mense Maio a. 703 (51)."
"Brundisium","Scr. Brundisi prid. Non. aut ipsis Non. Iun. a. 703 (51)."
"None","Scr. Trallibus a. d. vi K. Sext. a. 703 (51)."
"None","Scr. in castris prid. K. Sept. a. 703 (51)."
"Laudicea","Scr. Laudiceae circiter Id. Febr. a. 704 (50)."
"Mopsuhestia","Scr. in castris in agro Mopsuhestiae a. d. viii Id. Oct. a. 703 (51)."
"Laudicea","Scr. Laudiceae paulo post x K. Mart. a. 704 (50)."
"Laudicea","Scr. Laudiceae m. April a. 704 (50)."
"Pyramus","Scr. in castris ad Pyramum post Id. Iun. 704 (50)."
"Sidae","Scr. Sidae a. d. iii aut prid. Non. Sext. a. 704 (50)."
"Rhodium","Scr. Rhodi circ. iv Id. Sext. a. 704 (50)."
"Laterium","Scr. in Laterio aut Arcano Q. Ciceronis circ. Non. Apr. a. 705 (49)."
"Cumanum","Scr. in Cumano a. d. iv K. Mai. a. 705 (49)."
"Roma","Scr. Romae ante vi K. intercal. priores a. 708 (46)."
"Roma","Scr. Romae ex. m. Sept. aut in. Oct. a. 708 (46)."
"Athens","Scr. Athenis circ. medio m. Mart. a. 709 (45)."
"Attici Ficuleano house","Scr. in Attici Ficuleano medio m. Apr. a. 709 (45)."
"Roma","Scr. Romae post Id. Sext. a. 708 (46)."
"Roma","Scr. Romae in m. Sext. a. 708 (46)."
"Roma","Scr. Romae post Id. Sext. a. 708 (46)."
"Roma","Scr. Romae in m. Nov. a. 708 (46)."
"Mytilens","Scr. Mytilenis m. Oct. a. 708 (46)."
"Athens","Scr. Athenis pr. K. Iunias a. 709 (45)."
"Roma","Scr. Romae ui. in. Sext. a. 708 (46)."
"Roma","Scr. Romae in. a. 708 (46)."
"Roma","Scr. Romae paulo post ep. xiv a. 708 (46)."
"Gallia","Scr. in Gallia m. Ian. a. 692 (62)."
"Roma","Scr. Romae vel ex. m. Ian. vel in. Febr. a. 692 (62)."
"Hispania","Scr. in Hispania cit a. 698 (56)."
"Dyrrhachium","Scr. Dyrrhachi circ. m. Apr. a. 697 (57)."
"Roma","Scr. Romae ex m. Nov. aut in. Dec. a. 692 (62)."
"Roma","Scr. Romae circ. Id. Dec. a. 692 (62)"
"Roma","Scr. Romae m. Apr. a. 692 (62)."
"Roma","Scr. Romae m. Ian. a. 700 (54)."
"Narona","Scr. in castri; Naronae a. d. v Id. Quint. a. 709 (45)."
"Narona","Scr. Naronae m. Ian. a. 710 (44).."
"Narona","Scr. Naronae Non. Dec. a. 709 (45)."
"Roma","Scr. Romae ex. m. Oct. a. 709 (45)."
"None","Scr. Ante ut videtur, m. Iun. a. 698 (56)."
"Astura","Scr. Asturae aut in Attici Ficuleano m. Mart. aut Apr. a. 709 (45)."
"Roma","Scr. Romae vii. Id. Mai. a. 709 (45)."
"Astura","Scr. Asturae paucis diebus post ep. xiv a. 709 (45)."
"Roma","Scr.. Romae, ut videtur, circ. m. Mart. a. 702 (52)."
"Roma","Scr. Romae a. 697 (57)."
"Roma","Scr. Romae post med. m. Mart. a. 702 (£2)."
"Cumanum","Scr. in Cumano circ. iv K. Mai. a. 705 (49)."
"None","Scr. ad urbem paulo post prid. Non. Ian. a. 705 (49)."
"Roma","Scr. Romae in. aut med. m. April. a. 708 (46)."
"Roma","Scr. Romae ex. m. intercal. post. a. 708 (46)."
"Attici Ficuleano house","Scr. in Attici Ficuleano ante xii K. Mai. a. 709 (45)."
"Roma","Scr. Romae in. m. Ian. a. 709 (45)."
"Roma","Scr. Romae ante med. m. Ian. a. 709 (45)."
"Roma","Scr. Romae ex. m. Dec. a. 708 (46)."
"Roma","Scr. Romae circ. K. Oct. a. 708 (46)."
"Sicilia","Scr. in Sicilia med.  m. Dec. 708 (46)."
"Roma","Scr. Romae in. m. Dec. a. 708 (46)."
"Roma","Scr. Romae ica. in. Dee. a. 708 (46)."
"Roma","Scr. Romae circ. m. Sext. a. 708 (46)."
"Tusculanum","Scr. in Tusculano in. m. Iun. a. 709 (45)."
"Roma","Scr. Romae ex. m. Nov. a. 708 (46)."
"Roma","Scr. Romae in. m. Sext. a. 708 (46)."
"Roma","Scr. Romae a. d. v K. intercal. priores a. 708 (46)."
"Roma","Scr. Romae Id. Mart. a. 710 (44)."
"Sicilia","Scr. in Sicilia ex. m. Mart. a. 710 (44)."
"Latium","Scr. in Latio med. m. Apr. a. 720 (44)."
"Roma","Scr. Romae ex. m. Ian. a. 709 (45)."
"Astura","Scr. Asturae ex. m. Sext. a. 709 (45)."
"Astura","Scr. Asturae ex. m. Quint. a. 709 (45)."
"Roma","Scr. Romae circ. m. Apr. a. 709 (45)."
"Roma","Scr. Romae m. Maio a. 708 (46)."
"Roma","Scr. Romae m. Oct. a. 699 (55)."
"Roma","Scr. Romae circ. id. m. Febr. 703 (51)."
"Roma","Scr. Romae ante K. Sept. a. 708 (56)."
"Cumanum","Scr. in Cumano m. intercal. post a. 708 (46)."
"Roma","Scr. Romae m. Apr. 0.700 (54)."
"None","Scr. ui Cumano aut Pompeiano m. Mai. a. 700 (54)."
"Roma","Scr. Romae ex. m. Iun. a. 700 (54)."
"Roma","Scr. Romae ex. tu. Quint. a. 700 (54)."
"Roma","Scr. Romae ex. m. Sept. a. 700 (54)."
"Roma","Scr. Romae ex. m. Dec. a. 700 (54)."
"Tusculanum","Scr. fort. in Tusculano (?) m. Ian. a. 701 (53)."
"Roma","Scr. Romae in. Febr. a. 701 (53)."
"Roma","Scr. Romae iv Non. Mart. a. 701 (53)."
"Roma","Scr. Romae circ. m. Quint. a. 701 (53)."
"Roma","Scr. Romae m. Iun. a. 701 (53)."
"Roma","Scr. Romae ex. m. Nov. a. 700 (54)."
"Roma","Scr. Romae ex. m. Od. a. 700 (54)."
"Pomptinum","Scr. in Pomptino vi Id. Apr. a. 701 (53)."
"None","Scr. Regiv K. Sext. u. 710 (44)."
"Velia","Scr. Veliae xiii K. Sext. a. 710 (44)."
"Tusculanum","Scr. in Tusculano ex. m. Iun. a. 710 (44)."
"Tusculanum","Scr. in Tusculano m. Iun. ut videtur, a. 710 (44)."
"Roma","Scr. Romae ex. a. 692 (62) aut paulo post, ut videtur."
"Tusculanum","Scr. in Tusculano circa xiii K. Sept. a. 709 (45)."
"Tusculanum","Scr. in Tusculano circ. ix K. Sept. a. 709 (45)."
"Tusculanum","Scr. in Tusculano m. interc. post a. 708 (46)."
"Roma","Scr. Romae, ut videtur, post m. Mart. a. 702 (52)."
"Roma","Scr. Romae in. m. Sext. a. 708 (46)"
"Patra","Scr. Patris a. d. iiii K. Nov. a. 709 (45)."
"Roma","Scr. Romae in. m. Ian. a. 710 (44)"
"Roma","Scr. Romae ut Febr. a. 710 (44). 5"
"Laudicea","Scr. Laudiceae post iii Id. Febr. a. 704 (50)."
"Tusculanum","Scr. in Tusculano circ. med. m. Quint. a. 708 (46)"
"Roma","Scr. Romae ix K. Iun. aut paulo post a. 703 (51)."
"Roma","Scr. Romae m. lusi. a. 703 (51)."
"Roma","Scr. Romae circ. iv Id. Iun. a. 703 (51)."
"Roma","Scr. Romae K. Sext. a. 703 (51)."
"Roma","Scr. Romae ante Id. Sext. a. 703 (51)."
"Roma","Scr. Romae ante ex. m. Febr. a. 704 (50)."
"Roma","Scr. Romae ex. m. Apr. aut in. Mai. a. 704 (50)."
"Roma","Scr. Romae in. m. Oct. a. 703 (51)."
"Roma","Scr. Romae iv Non. Sept. a. 703 (51)."
"Roma","Scr. Romae xiiii K. Dec. a. 703 (51)."
"Roma","Scr. Romae ex. m. Apr. aut in. Mai. a. 704 (50)."
"Roma","Scr. Romae circ. xii K. Oct. a. 704 (50)."
"Roma","Scr. Romae ex. m. Mai. aut in. Iun. a. 704 (50)."
"Roma","Scr. Romae circ. viii K. Oct. a. 704 (50)."
"None","Scr. circ. vii Id. Mart. a. 705 (49)."
"Intimilium","Scr. Intimili xvi K. Mai. a. 705 (49)."
"Roma","Scr. Romae vel ex. m. Ian. vel m. Febr. a. 706 (48)."
"Roma","Scr. Romae ex. a. 707 (47) aut in. a. 708 (46)."
"Roma","Scr. Romae paulo post xii K. Mai. a. 708 (46)."
"Roma","Scr. Romae paulo ante ep. 2."
"Tusculanum","Scr. in Tusculano inter viii et iv Id. Iun. a. 708 (46)."
"Roma","Scr. Romae in. m. Iun. a. 708 (46)."
"Roma","Scr. Romae inter xii et vii K. Quint. a. 708 (46)."
"Roma","Scr. Romae ex. m. Maio a. 708 (46)."
"Tusculanum","Scr. in Tusculano v aut iv Id. Quint. a. 709 (45)."
"Caesars","Scr. in castris Caesaris circ. in. m. Iun. a. 706 (48)."
"Roma","Scr. Romae ex. a. 708 (46) paulo ante iii K. Ian."
"Attici Ficuleano house","Scr. in Attici Ficuleano paulo post xii K. Mai. a. 709 (45)."
"Cumanum","Scr. in Cumano mcd. m. Dcc. a. 709 (45)."
"Roma","Scr. Romae ex. a. 708 (46) aut in. a. 709 (45)."
"Pompeiano house","Scr. in Pompeiano v Non. Mai. a. 710 (44)."
"Roma","Scr. Romae in. interc. priore a. 708 (46)."
"Tusculanum","Scr. in Tusculano non post med. m. Quint. a. 708 (46)."
"Roma","Scr. Romae post Id. Sext. a. 708 (46)."
"Tusculanum","Scr. in Tusculano circ. xiii K. Sext.  a. 708 (46)."
"Roma","Scr. Romae post Id. Sext. a. 708 (46)."
"Roma","Scr. Romae in m. Sext. a. 708 (46)."
"None","Scr. ut videtur, circ. m. intercal. pr. a. 708 (46)."
"Tusculanum","Scr. fort. in Tusculano m. Iun. aut Quint.  a. 709 (45)."
"Cumanum","Scr. in Cumano m. interc. post a. 708 (46)."
"Roma","Scr. Romae ante mcd. m. Febr. a. 711 (43)."
"Laudicea","Scr. Laudiceae post iii Id. Febr.; a. 704 Qo)."
"Roma","Scr. Romae ex. m. interc. pr. aut in. post a. 708 (46)."
"Roma","Scr. Romae paulo post xiii K. Oct. a. 710 (44)."
"Roma","Scr. Romae inter xiii K. et iii Non. Oct. a. 710 (44)."
"Roma","Scr. Romae paulo post iv Id. Dec. a. 710 (44)."
"Gallia","Scr. in Gallia Transalpina ex. m. Dec. a. 710 (44)."
"Roma","Scr. Romae med. m. Dec. a. 710 (44)."
"Roma","Scr. Romae xiii K. Apr. vesperia. 711 (43)."
"Gallia","Scr. in Gallia Transalpina paulo post med. m. Mart. a. 711 (43)."
"Gallia","Scr. in Gallia Transalpina paulo post med. Mart. a. 711 (43)."
"Gallia","Scr. in Gallia Narbonensi vi aut v K. Mai. a. 711 (43)."
"Roma","Scr. Romae iii K. Apr. a. 711 (43)."
"Allobrogibus","Scr. in Allobrogibus ex. m. Apr. a. 711 (43)."
"Roma","Scr. Romae iii Id. Apr. a. 711 (43)."
"Roma","Scr. Romae circ. v Id. Mai. a. 711 (43)."
"Roma","Scr. Romae iii Non. Mai. a. 711 (43)."
"Gallia","Scr. in Gallia Narbonensis cis Isaram circ. iii id. Mai. a. 711 (43)."
"Roma","Scr. Romae ctrc. ex. m. Mai. a. 711 (43)."
"Lepidus","Scr. in itinere ad Lepidum xiv aut xiiii K. Iun.,  a. 711 (43)."
"Voconium","Scr. in castris ex itiitere ab Isara Forum Voconi xv K. Iun. a. 711 (43)."
"Roma","Scr. Romae circ. vii K. Iun. a. 711 (43)."
"Roma","Scr. Romae iv K. Iun. a. 711 (43)."
"None","Scr. in castris pnd. Id. Mai. a. 711 (43)."
"None","Scr. ex itinere ad Isaram paulo post ep. xxi."
"Roma","Scr. Romae inter viii et iii K. Quint. a. 711 (43)."
"None","Scr. Cularone in finibus Allobrogum viii Id. Iun.  a. 711 (43)."
"None","Scr. in castris v K. Sext. a. 711 (43)."
"Roma","Scr. Romae circ. vii K. Iun. a. 711 (43)."
"Roma","Scr. Romae inter viii et iii K. Quint. a. 711 (43)."
"Roma","Scr. Romae xiii K. Apr. vesperi a. 711 (43)."
"Roma","Scr. Romae circ. iv Non. Febr. a. 711 (43)."
"Roma","Scr. Romae prid. Non. Quint. a. 711 (43)."
"None","Scr. in castris ad Mutinam a. d. xvii K. Mai. a. 711 (43)."
"Corduba","Scr. Cordubae xvii K. Apr. a. 711 (43)."
"Corduba","Scr. Cordubae vi Id. Iun. a. 711 (43)."
"Corduba","Scr. Cordubae vel ex. m. Maio vel in. Iun. a. 711 (43)."
"None","Scr. in castris ad Pontem Argenteum circ. xv K. Iun. a. 711 (43)."
"None","Scr. ibidem xi K. Iun. a. 711 (43)."
"Ponte","Scr. in Ponte Argenteo iii K. Iun. a. 711 (43)."
"Roma","Scr. Romae xvii K. Apr. a. 710 (44)."
"Lanuvium","Scr. Lanuvi ex. m. Mai. a. 710 (44)."
"Neapolium","Scr. Neapoli prid. Non. Sext. a. 710 (44)."
"Gallia","Scr. in Gallia citeriore inter med. m. Oct. et ex  Nov. a. 710 (44)."
"Roma","Scr. Romae paulo post v Id. Dec. a. 710 (44)."
"Roma","Scr. Romae xiii K. Ian. a. 71O (44)."
"Roma","Scr. Romae xiii K. bu a. 710 (44),."
"Roma","Scr. Romae circ. ix K. Febr. a. 711 (4;)."
"Regium","Scr. in castris Regi iii K. Mai. a. 711 (43)."
"Dertona","Scr. hi castris Dertonae iii Non. Mai. a. 711 (43)."
"None","Scr. in castris in finibus Statiellensium prid. Non. Mai. a. 711 (43)."
"Roma","Scr. Romae circ. iii Id. Mai. a. 711 (43)."
"Pollentia","Scr. in castris Pollentiae chr. iv Id. Mai. a. 711 (43)."
"Allobrogibus","Scr. Cularone in Allobrogibus circ. iv Id. Iun.  a. 711 (43)."
"Parma","Scr. in castris Parmae ex. m. Apr. a. 711 (43)."
"Roma","Scr. Romae iv Kal. Iun. a. 711 (43)."
"Roma","Scr. Romae inter viii et iii K. Quint. a. 711 (43)."
"Roma","Scr. Romae inter ex. m. Apr. et in. Quint. a. 711 (43)."
"Roma","Scr. ibidem eodem tempore quo ep. 16."
"Roma","Scr. Romae xiiii K. Iun. a. 711 (43)."
"Vercells","Scr. Vercellis xii K. Iun. a. 711 (43)."
"Eporedia","Scr. Eporediae ix K. Iun. a. 711 (43)."
"Roma","Scr. Romae prid. Non. Iun. a. 711 (43)."
"Roma","Scr. Romae cire. prid. Id. Quint. a. 711 (43)."
"Eporedia","Scr. Eporediae viii K. Iun. a. 711 (43)."
"Roma","Scr. Romae viii Id. Iun. a. 711 (43)."
"Roma","Scr. Romae xiv K. Quint. a. 711 (43)."
"None","Scr. in castris in itinere Cularonem iii Non. Iun. a. 711 (43)."
"Tusculanum","Scr. in Tusculano inter x et iii K. Sept. a. 710 (44)."
"Roma","Scr. Romae paulo post ep. 27."
"None","Scr. vel ex. m. Iun. vel in. Quint. a. 710(44). ."
"Pompeiano house","Scr. in Pompeiano v Non. Mai. a. 710 (44)."
"Roma","Scr. Romae inter xiii K. et iii Non. Oct. a. 710 (44)."
"Roma","Scr. Romae inter vi et prid. Non. Oct. a. 710 (44)."
"Roma","Scr. Romae circ. K. Febr. a. 711 (43)."
"Roma","Scr. Romae circ. Non. Febr. a. 711 (43)."
"Roma","Scr. Romae inter ex. m. Mart. et vii Id. Apr. a. 711 (43)."
"Roma","Scr. Romae circ. Non, Mart. a. 711 (43)."
"Roma","Scr. Romae v Id. Iun. aut paulo post a. 711 (43)."
"Roma","Scr. Romae inter xvi et iii K. Quint. a. 711 (43)."
"Roma","Scr. Romae circ. K. Quint. a. 711 (43)."
"Tadolics","Scr. in castris Tadolicis Non. Mart. a. 711 (43)."
"Syria","Scr. in castris in Syria Non. Mai. a. 711 (43)."
"Cyprum","Scr. in Cypro Crommyuacride Id. Iun. a. 711 (43)."
"Perga","Scr. Pergae iiii K. Iun. a. 711 (43)."
"Perga","Scr. Pergae 1-6 §§ iiii K.,  § 7 iiii Non. Iun. a. 711 (43)."
"Athens","Scr. Athenis viii K. Iun. a. 710 (44)."
"Roma","Scr. Romae circ. med. in Sept. a. 708 (46)."
"Roma","Scr. Romae vel ex. m. Sept. vel in. Oct. a. 708 (46)."
"Roma","Scr. Romae m. Dec. a. 708 (46)."
"Roma","Scr. Romae iv Non. Sept. a. 710 (44)."
"Roma","Scr. Romae mense incerto a. 710 (44)."
"Roma","Scr. Romae post xiii K. Oct. a. 710 (44)."
"Roma","Scr. Romae a. 710 (44) paulo post xiii K. Ian."
"Roma","Scr. Romae paulo post vii id. Oct. a. 710 (44)."
"Roma","Scr. Romae circ. ix K. Febr. a. 711 (43)."
"Roma","Scr. Romae xiv K. Apr. a. 711 (43)."
"Roma","Scr. Romae cire. In. m. Mai. a. 711 (43)."
"Roma","Scr. Romae vere a. 711 (43)."
"Roma","Scr. Romae vere a. 711 (43)."
"Roma","Scr. Romae paulo post xiii K. April. a. 711 (43)."
"Roma","Scr. Romae vere a. 711 (43)."
"Roma","Scr. Romae paulo post v Id. Iun. a. 711 (43)."
"Athens","Scr. Athenis inter vii K. et prid. Non. Quint. a. 703 (51)."
"Roma","Scr. Romae, ut videtur, m. Apr. aut paulo post a. 702 (52)."
"Roma","Scr. Romae, ut videtur, post m. Apr. 702 (52) aut in. a. 703 (51)."
"Roma","Scr. Romae non ante med. m. Oct. a. 709 (45)."
"Roma","Scr. Romae non ante med. m. Oct. a. 709 (45)."
"Roma","Scr. Romae pos! med. a. 698 (56)."
"None","Scr. ibid. cod. fere tempore."
"Roma","Scr. Romae non ante mcd. m. Oct. a. 709 (45).  ."
"Roma","Scr. Romae non ante med. m. Oct. a. 709 (45)."
"Tarsium","Scr., ut videtur, Tarsi vel ex. a. 703 (5 ) vel in. a. 704 (50)."
"Roma","Scr. Romae in. a. 708 (46)."
"Roma","Scr. Romae paulo post ep. x."
"Roma","Scr. Romae paulo post ep. xi."
"Roma","Scr. Romae paulo post ep. xis."
"Roma","Scr. Romae paulo post ep. xiii."
"Roma","Scr. Romae ex. m. Mad. a. 709 (45)."
"None","Scr. ibid. fere eod. temp. quo ep. xv."
"Roma","Scr. Romae, ut videtur, a. 708 (46)."
"Roma","Scr. Romae, ut videtur, a. 708 (46)."
"Roma","Scr. Romae, ut videtur, a. 708 (46)."
"Roma","Scr. Romae, ut videtur, a. 708 (46)."
"Roma","Scr. Romae, ut videtur, a. 708 (46)."
"Roma","Scr. Romae, ut videtur, a. 708 (46)."
"Roma","Scr. Romae, ut videtur, a. 708 (46)."
"Roma","Scr. Romae, ut videtur, a. 708 (46)."
"Roma","Scr. Romae, ut videtur, a. 708 (46)."
"Roma","Scr. Romae, ut videtur, a. 708 (46)."
"Roma","Scr. Romae, ut videtur, a. 708 (46)."
"Roma","Scr. Romae, ut videtur, a. 708 (46)."
"Roma","Scr. Romae, ut videtur, a. 708 (46)."
"Roma","Scr. Romae vel ex. a. 707 (47) vel in. a. 708 (46)."
"Roma","Scr. Romae, ut videtur, a. 708 (46)."
"Roma","Scr. Romae, ut videtur, a. 708 (46). ."
"Roma","Scr. Romae, ut videtur a. 708 (46)."
"Roma","Scr. Romae, ut videtur, a. 708 (46)."
"Roma","Scr. Romae, ut videtur, a. 708 (46)."
"Roma","Scr. Romae, ut videtur, a. 708 (46)."
"Roma","Scr. Romae, ut videtur, a. 708 (46)."
"Roma","Scr. Romae, ut videtur, a. 708 (46)."
"Roma","Scr. Romae, iit videtur, a. 708 (46)."
"Roma","Scr. Romae, ut videtur, a. 708 (46)."
"Roma","Scr. Romae ex. a. 699 (55) aut a. 700 (54)."
"Roma","Scr. Romae ante a. 696 (58) non nullis mensibus post ep. xlii."
"Roma","Scr. Romae ante a. 696 (58) non nullis mensibus ante ep. xli."
"Roma","Scr. Romae ante a. 696 (58) non nullis mensibus ante ep. xliv."
"Roma","Scr. Romae ante a. 696 (58) non nullis mensibus post ep. xliii."
"Roma","Scr. Romae eod. fere a. quo ep. xliv."
"Roma","Scr. Romae eod. fere anno quo ep. xlv."
"None","Scr., ut videtur, ex. m. Martio a. 701 (51) ."
"Roma","Scr. Romae, ut videtur, autumno anni 707 (47)."
"Roma","Scr. Romae inter med. ut Oct. a. 707 (47) et 5 Id. Mart. a. 710 (44)."
"Roma","Scr. Romae in. m. Ian. a. 710 (44).  ."
"None","Scr. loco et anno incerto, fortasse ante 698 (56)."
"Roma","Scr. Romae circ. med. m. Sept. a. 708 (46)."
"Cilicia","Scr. in Cilicia vel ex. a. 70 (51) vel in. a. 704 (50), ut videtur."
"Laudicea","Scr. Laudiceae inter a. d. iii Id. Febr. et m. Apr. a. 704 (50)."
"None","Scr. ut videtur, paulo ante ep. liii."
"None","Scr., ut videtur, paulo post ep. liii."
"Laudicea","Scr. Laudiceae in. m. Apr. a. 704 (50)."
"Laudicea","Scr. fortasse Laudiceae post a. d. iii Id. Febr. a. 704 (50)."
"Laudicea","Scr. Laudiceae post a. d. iii Id. Febr. a. 704 (50)."
"Roma","Scr. Romae post reditum fortasse ex. a. 698 (46)."
"None","Scr. fere eod. temp. quo ep. liii."
"None","Scr. paulo post ep. 1xi ut videtur."
"Laudicea","Scr. foetasse Laudiceae post a. d. iii Id. Febr. a. 704 (50)."
"None","Scr. paulo post ep. lxii."
"None","Scr. paulo post ep. lxiv."
"Roma","Scr. Romae vel ex. m. Ian. vel in. Febr. a. 709 (45)."
"Roma","Scr. Romae, ut videtur. a. 708 (46)."
"Roma","Scr. Romae circ. med. in. Sept. a. 708 (46)."
"Roma","Scr. Romae, ut videtur, a. 708 (46)."
"Roma","Scr. Romae, ut videtur, a. 708 (46)."
"Roma","Scr. Romae, ut videtur, a. 708 (46)."
"Roma","Scr. Romae, ut videtur, a. 708 (46)."
"Roma","Scr. Romae anno post ep. irxiv."
"Roma","Scr. Romae eod. temp. quo ep. xliv."
"Roma","Scr. Romae vel ex. a. 702 (52) vel in. a. 703 (51)."
"Roma","Scr. Romae anno incerto fort. 691 (6j)."
"Roma","Scr. Romae mense intere. pr. a. 708 (46)."
"Roma","Scr. Romae in. a. 708 (46)."
"Roma","Scr. Romae in. a. 708 (46)."
"Dyrrhachium","Scr. Dyrrhachi a. d. vi K. Dec. a. 696 (48)."
"Thessalonica","Scr. Thessalonicae a. d. iii Noti. Oct. a. 696 (58)."
"Dyrrhachium","Scr. Dyrrhachi pr. K. Dec. a. 696 (58)."
"Brundisium","Scr. Brundisi pr. K. Mart. a. 696 (58)."
"Athens","Scr. Athenis a. d. xvii K. Novemb. a. 704 (50)."
"Dyrrhachium","Scr. Dyrrhachi Id. Quint. a. 706 (48)."
"None","Scr. in portu Caietano nave conscensa vii ld. Iun. a. 705 (49)."
"Brundisium","Scr. Brundisi a. d. iv Non. Iun. a. 707 (47)."
"Brundisium","Scr. Brundisi a. 706 (48) a. d. xvi K. Ian."
"Brindisium","Scr. Brindisi vii Id. Quint. a. 707 (47)."
"Brundisium","Scr. Brundisi xvii K. Quint. a. 707 (47)."
"Brundisium","Scr. Brundisi Non. Novemb. a. 706 (48)."
"Brundisium","Scr. Brundisi vi Id. Quint. a. 707 (47)."
"Menturnis","Scr. Menturnis viii K. Febr. a. 705 (49)."
"Brundisium","Scr. Brundisi xii K. Quint. a. 707 (47)."
"Brundisium","Scr. Brundisi pr. Non. Ian. a. 707 (47)."
"Brundisium","Scr. Brundisi a. 706 (48) circ. xli K. Ian."
"Formium","Scr. Formi; ix K. Febr. a. 706 (49)."
"Brundisium","Scr. Brundisi iv K. Dec. a. 706 (48)."
"None","Scr. de Venusino K. Oct. a. 707 (47)."
"Brundisium","Scr. Brundisi pauli post a. d. iii Non. Iun.  a. 707 (47)."
"Brundisium","Scr. Brundisi K. Sept. a. 707 (47)."
"Brundisium","Scr. Brundisi prid. Id. Sext. a. 707 (47)."
"Brundisium","Scr. Brundisi iii Id. Sext. a. 707 (47). 15"
"Cilicia","Scr. in Cilicia xiii K. Oct. a. 703 (51)."
"None","Scr. in castris ad Cybistra vel xi vel x K. Oct. a. 703 (51)."
"Iconium","Scr. hi castris ad Iconium iii K. Sept. ant paulo post a. 703 (51)."
"Tarsium","Scr. Tarsi vel ex. a. 703 (51) vel in. 704 (50)."
"Roma","Scr. Romae vel ex. m. Apr. vel in. Mai. a. 704 (50)."
"Tarsium","Scr. Tarsi paulo aitte in K. Sext. a. 704 (50)."
"None","Scr. in itinere per Lycaoniam inter K. Sept. et xi K. Oct. 5 a. 703 (51)."
"None","Scr. eodem loco et temp. quo ep. vii."
"None","Scr. eodem loco et temp. quo ep. vii et viii."
"Tarsium","Scr. Tarsi vel ex. a. 703 (51) vel in. 704 (50)."
"None","Scr. eodem loco et temp. quo ep. vi."
"None","Scr. eodem loco et temp. quo ep. vii, viii ix."
"None","Scr. eodem loco et tempore quo ep. iv et x"
"Alexandrium","Scr. in castris ad Aras Alexandri (Cf 4.9) med. ut Oct. a. 703 (51)."
"Brundisium","Scr. Brundisii circ. med. m. Sext. a. 707 (47)."
"Roma","Scr. Romae ante mcd. m. Ian. a. 709 (45)."
"Roma","Scr. Romae iii K. Ian. aut paulo post a. 708 (46)."
"Roma","Scr. Romae circ. med. m. Dec. a. 708 (46)."
"Brundisium","Scr. Brundisi ex. m. Ian. a. 709 (45)."
"Roma","Scr. Romae (?) m. Apr. 710 (44)."
"Roma","Scr. Romae fort. ex. ann. 707 (47). ."
"Patra","Scr. in itinere Patris Alyziam iii Non. Nov. a. 704 (50)."
"Alyzia","Scr. Alyziae Non. Nov. a. 704 (50)."
"Alyzia","Scr. Alyziae a. d. viii Id. Nov. a. 704 (50)."
"None","Scr. Leucade vii Id. Nov. a. 704 (50)."
"None","Scr. Leucade vii Id. Nov. a. 704 (50)."
"Actium","Scr. Acti vii Id. Nov. a. 704 (50)."
"Corcyra","Scr. Corcyrae xv K. Dec. a. 704 (50)."
"Campania","Scr. in Campania vel ex. m. Ian. vel Febr. a. 705 (49)."
"Brundisium","Scr. Brundisi iv K. Dec. a. 704 (50)."
"Maium","Scr. Cumano xv K. Mai a. 701 (53)."
"None","Scr. ad urbem pdd. Id. Ian. a. 705 (49)."
"Capua","Scr. Capuae iv K. Febr. a. 705 (49)."
"Cumanum","Scr. in Cumano iv Id. Apr. a. 701 (55)."
"Cumanum","Scr. in Cumano iii Id. Apr. a. 701(53)."
"Cumanum","Scr. in Cumano pr. Id. Apr. a. n. c. 701 (53)."
"Gallia","Scr. in Gallia transalpina ex. m. Maio a. 701 (53)."
"Astura","Scr. Asturae iv K. Sext. a. 709 (45)."
"Roma","Scr. Romae inter med. m. Oct. a. 707 (47) et Id. Mai. a. 710 (44)."
"Tusculanum","Scr. in Tusculano paulo post in. m. Sext. a. 709 (45)."
"None","Scr. eodem loco et tempore quo ep. xviii."
"Athens","Scr. Athenis inter ex. m. Quint. et ex. Oct. a. 710 (44)."
"Astura","Scr. Asturae vi K. Sext. a. 709 (45)."
"Tusculanum","Scr. in Tusculano v K. Iun. a. 710 (44)."
"Arpinati","Scr. in Arpinati paulo post a. d. iii Id. Nov. a. 710 (44)."
"Athens","Scr. Athenis inter med. m. Sept. et Oct. a. 710 (44)."
"None","Scr. loco et mense incerto a. 710 (44)."
"None","Scr. loco incerto ex. m. Dec. a. 710 (44)."
